,TYR_61,VAL_103,THR_106,CYS_107,LEU_108,PRO_109,ALA_110,THR_111,LEU_112,VAL_113,VAL_114,ASP_115,TRP_120,PHE_122,CYS_127,VAL_129,ILE_130,PRO_131,TYR_132,LEU_133,GLN_134,THR_135,VAL_136,VAL_138,VAL_142,MET_184,GLN_187,MET_191,CYS_210,ASP_211,GLU_212,TYR_223,HIS_224,PHE_227,PHE_228,THR_231,TYR_232,PHE_313,TYR_317,ILE_320,SER_321,LEU_323,ASN_324,VAL_325,ARG_328,PHE_346,THR_347,SER_349,HIS_350,TRP_351,VAL_353,TYR_354,
5ws3,0.18883777753908146,1.115216270776944,0.571068257509536,0.4374292387766318,0.3041176140513479,0.28764134968215627,0.2039850575466955,0.3581850551615937,0.3066973355553868,0.2360722671690412,0.21493755783219567,0.28483312322772386,0.2061866549558858,0.5798806310970641,0.1310141618702111,0.1423726724141834,0.12419829201845968,0.11053682947586758,0.1507871955309704,0.12645747857353173,0.5082655534237849,0.32689223137176276,0.2007001834182316,0.22434876303523352,0.7768353564315388,0.4606311616771364,0.4218786653854808,0.14995479172705256,0.20004320949506008,0.1801617230854654,0.5576365433240862,0.49473294608420687,0.49193046153091674,0.5914138279793975,0.24208267657680482,0.4377762864225684,0.44156255631112035,0.22064142293406375,0.4324115670260447,0.7109404385940448,0.7117864342650436,0.3856477628935716,1.2660254859146707,0.4709893458377688,0.2891431910000561,0.995988176950615,0.2591379292864361,0.6228183530420283,0.30970737236042106,0.3078616656760432,0.43684809385850937,0.5798985796128692,
7l1v,1.8271180755369245,1.9725804080690614,2.074699407051138,2.2258674646641565,1.323123039919056,0.8616017273526178,1.0333617169770006,1.170960138801354,1.1510958220930576,0.863135511115893,0.6094718157265525,2.2441932443523633,0.7739666191040798,1.0725400861377852,1.065485704292428,1.7373120295289286,1.553053341231259,0.9099572281597951,0.8233289376043448,1.281364899415676,3.0407826880243842,1.1827620223984119,0.7077683480221759,1.8009310947663553,1.8283589680397807,0.8664303404178533,1.1206751227749374,0.9366874409032582,0.49384486388618765,0.40546905940254885,1.1255225082466807,1.3267529804177618,1.7849830060310456,1.3706711312877176,0.7658713835348884,0.9785025998964846,0.6648748104419345,2.6583999519159622,1.723539544763007,0.5861085473582993,0.8437105264523481,0.7462385552161952,1.6457168725736997,1.497924615518944,1.5814962702146949,0.40413404195222413,1.5247011704273778,0.8674611366159467,1.8742175723784495,1.7349719092744376,1.381900076751137,1.7774181446418387,
6tpn,1.1838125124957515,1.4689828199889152,1.3631571516942975,0.8493289245831054,0.7016190445121933,1.191993732268367,1.4826722419067493,1.3896365733498044,1.4539397755465158,2.1496958416849803,2.0272360083132717,2.0014163475119515,1.5632130437352296,2.205723799465797,1.2679708318638316,0.8847694414385566,0.8486798348882691,0.6727594196083422,0.7073493703459817,0.7264475858292447,0.9715727572872821,0.41859061118022495,0.3992978865162179,0.37657563720768666,0.5548733200460593,0.4379082728134314,0.8817907516916716,0.9692610543644572,1.4058320442270622,1.362824352776788,1.1289584675730733,1.2482122641889632,1.1361862549165973,1.3790416787318742,1.211917523627345,0.9336326765265481,1.016775010093049,1.0421613777431729,1.0585824196232603,1.1930763934995383,1.4776028049301415,1.7762799659760315,1.1750994163185604,1.5585549515305714,1.3508413552381766,2.088835660274818,1.527402235988524,1.3148401800725673,1.3398006621289447,0.9067721300170893,0.7245442727595248,0.8615007307991918,
7l1u,1.7198694404650607,1.7778919914707707,1.8109197048045524,1.9824790859157702,0.8407566365275714,0.6896701221181376,0.684590486565337,1.1796579668122302,0.7431640488248943,1.0312256238870743,0.7262493939123599,0.8710274654086625,1.0617922199224488,0.5343505035815025,1.1556253426999097,1.6585450696046473,1.4338475552529006,0.8021855661985339,0.6505841142605407,1.0087054542066907,2.6070228899750294,0.8620293855225144,0.6309155504632206,1.6778889051535733,1.7893794115864996,0.8425889875471638,1.1361031095185912,1.5810735041664432,0.4884597433193811,0.5722213720634524,1.6658032360667283,1.6261653824753315,1.9294750847857636,1.405379141136626,0.7229148373876265,1.1861135699247127,0.7272060466662248,2.562470211717228,1.6511900047269006,0.6443603671469234,0.820173832511641,0.805922698314675,0.9758676314447303,1.2867720351774155,1.7543385132502562,0.593305868415241,1.4087582041266522,0.5646544568514998,1.0947901424038158,1.3805906730976656,0.8935460482781642,1.488333523922476,
6tpj,0.41575899395594246,0.4910175612326886,0.6671569188568842,0.44274891969075286,0.31084935082296083,0.3962230642220061,0.6974577543963869,0.6141164079972528,0.395440904894459,0.6041634246031441,0.6861922728202962,0.7088642383148,0.8246762593317672,0.965420146500123,0.9924895669189677,0.7260551637664264,0.6940421581347368,0.6960773288873044,0.7719618189668718,0.7776937818127246,0.5012118423086354,0.5730961483452698,0.5429397078042821,0.4188183792549469,0.41532430146805754,0.7843430866800043,0.6998045273630324,0.8192727138526645,0.839032826045656,0.9676231130558282,1.1178447299571301,0.7339992486729344,0.6687386470040948,1.3178603521832923,0.8824905316278429,0.7723886481390555,1.3764224700894248,0.713779835041128,0.6214749032992692,0.5403838226286877,0.7471894699895693,0.6870215266520028,0.8377251696609361,0.8513487186062721,0.9040436627600428,1.302852866872285,0.6208027973738555,0.522316002601968,0.5533566576825133,0.5945231297005444,0.4872578419949742,0.45865100625153804,
6tpg,1.251790043687219,1.4038472527336057,1.042194001502579,0.7318220360333272,0.7853437053007742,1.1334890905402681,1.457022266744266,1.2315058870143842,1.5612593722747086,2.2285201919481294,2.0474910320672555,2.007858643385637,1.7710697489275915,1.9476069807289653,1.3054823140339014,0.9817398505170847,1.0157103105889191,0.7018884820376744,0.5971552733195837,0.7238444754738242,0.6978568557120057,0.5748309435311221,0.5118019932445642,0.2612714613754675,0.4728891628141577,0.45133378307337474,0.8971556301820238,0.951019419779101,1.559450011512627,1.508313457064253,1.1960371393270257,1.2322291380028472,1.3663071196280003,1.39708838817332,1.3411542290881846,1.008734218971569,1.133091976763232,1.5830706868283888,1.0901752450238325,1.4771456343766547,1.6619219618854224,1.7622545821211077,2.145265553845494,1.9114443169988484,1.4542889201852682,2.0705704536278318,1.6709496919023699,1.4388371262195738,1.2907432066582634,1.0800993853288257,0.7372727436082861,0.822416305436754,
7sr8,1.9312753365409174,1.3300630783852958,1.5549528566552386,1.884337055612071,0.9358671661270436,0.3942657181797679,0.6077962820591394,0.6873451330991319,1.0528056555092413,0.8137811552479391,1.2552134715967405,0.6967506409697924,0.35118351639558776,1.2263630882335488,0.8658704131254447,1.669978860855177,1.9649883077615053,1.1087428848075465,0.872406583366479,1.3280940752576085,3.028391881449286,1.2814310569293386,0.9874377712921172,1.7087186164242003,1.6787094401423759,1.0171245414815724,0.8588527508705887,1.294344222849676,1.0377132043623825,1.7225625195646443,1.7708699173226874,1.4264114333518139,1.4337478381403135,1.3231626168293351,1.1666673840741117,0.7297389633700737,0.6032221786728477,2.550118743354138,1.576543603291847,0.7631434925772228,0.9983882971504388,1.0422384511822684,1.0138035065540278,0.9030601300604958,1.1324409832511795,1.517884757850451,1.5290932890808933,0.7581772866278524,1.2945485677235673,1.5535651597292113,1.171377956632185,1.7621657745788621,
7sqo,1.7236360739698933,1.1098646423240426,1.8199874255572688,2.105892986419132,1.1273808785145427,0.9717283565016853,1.3852234366584182,1.5291230621462302,0.9154352988143005,1.4760324591584162,1.4586830851286738,1.3684219033933909,0.699908798690741,0.823954950051212,0.9139634808167596,1.6641796039902583,1.5098690121608742,1.1586938021247744,0.6651791433009748,1.4976994427569763,2.8521948770248056,1.2307027360541856,1.0246641830353702,1.7481180290231773,1.9339895161813963,2.4077693019652333,1.068795321364312,1.6631629407664714,1.3351798653029714,0.6323788682566182,1.1926231079273206,1.453034974379433,1.7301572544144523,1.12919312927264,0.7389317447117502,1.3664600619692198,0.8493368237035442,2.299386909011113,1.0190768761200821,1.6322803301663737,1.1602995815374377,1.143822698900892,1.3954608400457527,1.5377198304759596,1.407389582423426,1.5195105829684854,1.3794234885939893,1.1830747466436289,1.6805978859508848,1.8546250219696339,1.2869314915583066,1.8375051263051867,
5wqc,0.31245766403291814,1.1829762916738191,0.481934847607476,0.44024406050429493,0.37977945509682215,0.41526939914155075,0.29622856555726684,0.31157565895381906,0.24082602957848995,0.20062781117473533,0.2555373612173953,0.18594270081971295,0.2538996212600784,0.7022744395804554,0.18606782134783514,0.3340417697921237,0.27941171801541986,0.2048428815537169,0.20780996981167696,0.21855567161809117,0.5761198329395527,0.340774204945436,0.18873230887023743,0.29586644388184213,0.8549372085446161,0.33435071248163767,0.4473387990479878,0.19509285003150614,0.23280401354900548,0.3493649723147914,0.6237182472901543,0.6176242779672525,0.561606496092392,0.513233455592692,0.26588259387097973,0.508609668634794,0.4449957834192566,0.41024226717268275,0.44068335512501605,0.7432257076063046,0.6965996180866524,0.33598976636391864,1.1843237101335007,0.3312082146693052,0.34436333980229084,0.9677398607517147,0.09745307293024512,0.6025545646810427,0.1956827945904862,0.19967250162554287,0.5550605638371,0.6737437353678493,
7xrr,0.9985338682451811,0.9459959931575321,0.21447577941338944,0.26907747986731134,0.25752949280286036,0.2652816433673462,0.3758669390979486,0.4570115859594795,0.36073422683777806,0.4133912006549205,0.6371310066601251,0.5775404140789525,0.8926379729361048,1.0188225753496913,1.204689293987055,0.4589573405916659,0.38115839361659365,0.358335866101931,0.23752611258650844,0.6152765367841135,0.8666593956452195,0.3184404176458483,0.5737037739410117,0.35484880672350105,1.0212243316834329,0.535046929995501,0.4026814221257341,0.5360364254714884,0.6187581907825728,0.5154931890635894,0.6749129980546607,1.0476978005252928,1.0043787263306054,0.49018215057000025,0.3817914708909372,0.34315369856608147,0.33892061020494757,0.44563108455862355,0.6299779256477768,0.9404690097129127,1.02283530922262,0.6446807695710773,1.537191201934673,0.8657019675720272,0.8197403791666747,0.40675937018115427,1.0972129148658427,0.8211793666185517,0.3172852235171686,0.3206184537649918,1.1202609137694965,0.8473896188748218,
