PV-002824017349,c1(cc2COCC(=O)Nc2cc1)c1cccc2c1cn[nH]2
PV-000517439336,N([C@@H]1CCCCN(C(=O)[C@@H](C(C)C)O)C1)C(=O)c1cc2cc(Cl)ccc2o1
PV-002536050054,C(=O)(NC[C@H](CS(=O)(=O)C)O)Nc1ccc2OC3(CCCCC3)Oc2c1
PV-002845509390,N([C@H](C(C)C)Cc1ccc(F)cc1)C(=O)c1ccc2c(=O)[nH][nH]c2c1
PV-003096567537,[C@@H]1(NC(=O)c2cc(Cl)ccn2)C[C@H]1NC(=O)c1c[nH]c(=O)o1
PV-003445906906,N([C@H](C(=O)O)c1c[nH]c2ccccc12)S(=O)(=O)N1CCCCCC1
PV-003561191608,N([C@@H](c1cccc(OC)c1)C(=O)O)C(=O)c1cc(O)nc2ccccc12
PV-005821158168,C(=O)(N1[C@H](COC[C@H]1C)C(=O)O)c1cccc2cccc(O)c12
PV-006147739422,N(C(=O)c1cncc2c1cc[nH]c2=O)[C@@H]1C[C@H]1NC(=O)C(F)F
Z1317775813,C(=O)(N(C)CC(C)(C)O)c1cc(=O)c2ccccc2o1
Z1899303332,N(S(=O)(=O)c1ccccc1S(=O)(=O)C)c1ccc2CCN(C(=O)N)c2c1
Z2755298303,C(=O)(N1CCC[C@H]1C(=O)NC)c1ccc(C)c(C(=O)O)c1
Z2914268500,C1(C(=O)N2C[C@H](O)[C@H](O)[C@H](O)C2)CCN(c2nccs2)CC1
PV-003684008883,[C@@H]1([C@H](NC(=O)c2cccnc2)C1)NC(=O)c1cccc2c1oc(=O)[nH]2
PV-003849587604,[C@@H]1(NC(=O)c2cc(F)cc(F)c2)C[C@H]1NC(=O)c1nocc1
PV-003420337631,[C@@H]1(NC(=O)c2cc(O)ccn2)C[C@H]1NC(=O)c1ccc(Cl)cc1O
PV-002721958365,N(S(=O)(=O)c1ccccc1OC)c1cnc2cc(C(=O)O)ccn12
PV-003196612696,N1(C(=O)c2cccc3nncn23)CC[C@@H](c2cc(=O)[nH]c(=O)[nH]2)C1
PV-003610600168,N([C@H]1[C@H](NC(=O)C)C1)C(=O)c1nc2ccccc2c(C)c1
PV-004948055194,[C@@H]1(NC(=O)c2ccccc2NC)C[C@H]1NC(=O)c1ccc(C)s1
PV-005829908776,N([C@H]1[C@H](NC(=O)C)C1)C(=O)c1nc2ccccc2c(C)c1
